{"cameraMode":{"drawMode":0,"name":"Shaded","section":"Shading Mode"},"sceneLighting":true,"audioPlay":false,"sceneViewState":{"showFog":true,"showMaterialUpdate":false,"showSkybox":true,"showFlares":true,"showImageEffects":true,"showParticleSystems":true},"in2DMode":false,"pivot":{"x":40.6861572265625,"y":2.66845703125,"z":52.34619140625},"rotation":{"x":0.02992820367217064,"y":0.9526571035385132,"z":-0.09981853514909744,"w":0.2856307029724121},"size":5.877376556396484,"orthographic":true}