{"cameraMode":{"drawMode":0,"name":"Shaded","section":"Shading Mode"},"sceneLighting":false,"audioPlay":false,"sceneViewState":{"showFog":true,"showMaterialUpdate":false,"showSkybox":true,"showFlares":true,"showImageEffects":true,"showParticleSystems":true},"in2DMode":false,"pivot":{"x":2.7781295776367189,"y":-1.2278469800949097,"z":0.49024486541748049},"rotation":{"x":0.17914490401744843,"y":0.5328316688537598,"z":-0.11657994985580445,"w":0.8187836408615112},"size":3.877331018447876,"orthographic":false}