{"cameraMode":{"drawMode":0,"name":"Shaded","section":"Shading Mode"},"sceneLighting":false,"audioPlay":false,"sceneViewState":{"showFog":true,"showMaterialUpdate":false,"showSkybox":true,"showFlares":true,"showImageEffects":true,"showParticleSystems":true},"in2DMode":false,"pivot":{"x":20.0,"y":0.20000000298023225,"z":7.880000114440918},"rotation":{"x":0.16691042482852937,"y":0.3356001079082489,"z":-0.0605490617454052,"w":0.9251201748847961},"size":0.8827186822891235,"orthographic":true}