{"cameraMode":{"drawMode":0,"name":"Shaded","section":"Shading Mode"},"sceneLighting":false,"audioPlay":false,"sceneViewState":{"showFog":true,"showMaterialUpdate":false,"showSkybox":true,"showFlares":true,"showImageEffects":true,"showParticleSystems":true},"in2DMode":false,"pivot":{"x":28.508203506469728,"y":0.050197161734104159,"z":8.3831205368042},"rotation":{"x":-0.03751180320978165,"y":0.21239371597766877,"z":-0.008159345015883446,"w":-0.97642982006073},"size":1.4588125944137574,"orthographic":true}