{"cameraMode":{"drawMode":0,"name":"Shaded","section":"Shading Mode"},"sceneLighting":true,"audioPlay":false,"sceneViewState":{"m_AlwaysRefresh":false,"showFog":true,"showSkybox":true,"showFlares":true,"showImageEffects":true,"showParticleSystems":true,"showVisualEffectGraphs":true,"m_FxEnabled":true},"in2DMode":false,"pivot":{"x":17.60519027709961,"y":16.14691162109375,"z":147.39881896972657},"rotation":{"x":-0.0034437428694218399,"y":0.9893657565116882,"z":-0.023749390617012979,"w":-0.14346161484718324},"size":7.677958011627197,"orthographic":true}